{
  "experiment": "exp_a4_aux_contribution",
  "n_samples": 1000,
  "available_heads": [
    "main",
    "gnn",
    "transformer",
    "fused"
  ],
  "pass_criteria": "GNN F1 >= baseline+5pp for >=5 of 10 classes",
  "n_gnn_useful": 1,
  "gnn_useful_classes": [
    "IntegerUO"
  ],
  "gnn_weak_classes": [
    "CallToUnknown",
    "DenialOfService",
    "ExternalBug",
    "GasException",
    "MishandledException",
    "Reentrancy",
    "Timestamp",
    "TransactionOrderDependence",
    "UnusedReturn"
  ],
  "overall": "FAIL",
  "positive_rates": {
    "CallToUnknown": 0.082,
    "DenialOfService": 0.011,
    "ExternalBug": 0.059,
    "GasException": 0.115,
    "IntegerUO": 0.309,
    "MishandledException": 0.092,
    "Reentrancy": 0.102,
    "Timestamp": 0.035,
    "TransactionOrderDependence": 0.074,
    "UnusedReturn": 0.052
  },
  "baseline_f1": {
    "CallToUnknown": 0.14089347079037803,
    "DenialOfService": 0.021526418786692758,
    "ExternalBug": 0.10554561717352416,
    "GasException": 0.1869918699186992,
    "IntegerUO": 0.3819530284301607,
    "MishandledException": 0.1554054054054054,
    "Reentrancy": 0.16943521594684385,
    "Timestamp": 0.06542056074766356,
    "TransactionOrderDependence": 0.1289198606271777,
    "UnusedReturn": 0.09420289855072463
  },
  "f1_by_head": {
    "main": {
      "CallToUnknown": 0.1414141414141414,
      "DenialOfService": 0.42857142857142855,
      "ExternalBug": 0.0,
      "GasException": 0.20606060606060606,
      "IntegerUO": 0.7339449541284404,
      "MishandledException": 0.08928571428571429,
      "Reentrancy": 0.2302158273381295,
      "Timestamp": 0.09523809523809523,
      "TransactionOrderDependence": 0.09195402298850575,
      "UnusedReturn": 0.07272727272727272
    },
    "gnn": {
      "CallToUnknown": 0.0,
      "DenialOfService": 0.0,
      "ExternalBug": 0.0,
      "GasException": 0.04838709677419355,
      "IntegerUO": 0.5440313111545988,
      "MishandledException": 0.0,
      "Reentrancy": 0.019230769230769232,
      "Timestamp": 0.10810810810810811,
      "TransactionOrderDependence": 0.0,
      "UnusedReturn": 0.0
    },
    "transformer": {
      "CallToUnknown": 0.0,
      "DenialOfService": 0.0,
      "ExternalBug": 0.0,
      "GasException": 0.032520325203252036,
      "IntegerUO": 0.6820428336079077,
      "MishandledException": 0.0,
      "Reentrancy": 0.0,
      "Timestamp": 0.13114754098360656,
      "TransactionOrderDependence": 0.0,
      "UnusedReturn": 0.0
    },
    "fused": {
      "CallToUnknown": 0.06896551724137931,
      "DenialOfService": 0.16666666666666666,
      "ExternalBug": 0.0,
      "GasException": 0.1037037037037037,
      "IntegerUO": 0.7304625199362041,
      "MishandledException": 0.0,
      "Reentrancy": 0.1864406779661017,
      "Timestamp": 0.03508771929824561,
      "TransactionOrderDependence": 0.0,
      "UnusedReturn": 0.0
    }
  },
  "aucroc_by_head": {
    "main": {
      "CallToUnknown": 0.7824140496306924,
      "DenialOfService": 0.7946502435885652,
      "ExternalBug": 0.7962679443073543,
      "GasException": 0.8344092360599361,
      "IntegerUO": 0.8783386958537648,
      "MishandledException": 0.7812081018961885,
      "Reentrancy": 0.7696951831957728,
      "Timestamp": 0.7515321983715766,
      "TransactionOrderDependence": 0.7939554024867199,
      "UnusedReturn": 0.7751541707237909
    },
    "gnn": {
      "CallToUnknown": 0.7482265263829109,
      "DenialOfService": 0.7263535251401784,
      "ExternalBug": 0.6900430483257983,
      "GasException": 0.7895897813804962,
      "IntegerUO": 0.7971890089406564,
      "MishandledException": 0.7067372150928941,
      "Reentrancy": 0.7158773308878117,
      "Timestamp": 0.7098149518874909,
      "TransactionOrderDependence": 0.7367272780339735,
      "UnusedReturn": 0.7084854754949692
    },
    "transformer": {
      "CallToUnknown": 0.7284393432169615,
      "DenialOfService": 0.5588748965897601,
      "ExternalBug": 0.7714656243808427,
      "GasException": 0.8261950380741833,
      "IntegerUO": 0.8601342269306245,
      "MishandledException": 0.7774612143267573,
      "Reentrancy": 0.7353487051836325,
      "Timestamp": 0.758460399703923,
      "TransactionOrderDependence": 0.8130144183059951,
      "UnusedReturn": 0.756897111327491
    },
    "fused": {
      "CallToUnknown": 0.7767283064987512,
      "DenialOfService": 0.8027392223549958,
      "ExternalBug": 0.7962859561591527,
      "GasException": 0.8347924342913289,
      "IntegerUO": 0.8708780014893287,
      "MishandledException": 0.7733432292664241,
      "Reentrancy": 0.761638062797502,
      "Timestamp": 0.7608586232420429,
      "TransactionOrderDependence": 0.7808942852139397,
      "UnusedReturn": 0.7651533592989289
    }
  }
}