{
  "CallToUnknown": 0.26960745453834534,
  "DenialOfService": 0.1483030468225479,
  "ExternalBug": 0.2704412043094635,
  "GasException": 0.28203222155570984,
  "IntegerUO": 0.5216582417488098,
  "MishandledException": 0.2652203440666199,
  "Reentrancy": 0.2670838236808777,
  "Timestamp": 0.3522137999534607,
  "TransactionOrderDependence": 0.26620903611183167,
  "UnusedReturn": 0.2669677436351776
}