{
  "ece_before": {
    "CallToUnknown": 0.25459993622759647,
    "DenialOfService": 0.3153902633109076,
    "ExternalBug": 0.24265549329274125,
    "GasException": 0.23121590273652579,
    "IntegerUO": 0.11826232199748055,
    "MishandledException": 0.24172832408336098,
    "Reentrancy": 0.253715625119431,
    "Timestamp": 0.2182097754103272,
    "TransactionOrderDependence": 0.24782856266239267,
    "UnusedReturn": 0.24797391311113443
  },
  "ece_after": {
    "CallToUnknown": 0.03554229754213582,
    "DenialOfService": 0.0009465368801024544,
    "ExternalBug": 0.01601624428296093,
    "GasException": 0.036286409300108693,
    "IntegerUO": 0.053537691022781254,
    "MishandledException": 0.02540557696951633,
    "Reentrancy": 0.04651964537352371,
    "Timestamp": 0.0374132632554285,
    "TransactionOrderDependence": 0.025401638765192813,
    "UnusedReturn": 0.012709582994764037
  },
  "mean_ece_before": 0.23715801179518978,
  "mean_ece_after": 0.028977888638651455,
  "temperatures": {
    "CallToUnknown": 0.26960745453834534,
    "DenialOfService": 0.1483030468225479,
    "ExternalBug": 0.2704412043094635,
    "GasException": 0.28203222155570984,
    "IntegerUO": 0.5216582417488098,
    "MishandledException": 0.2652203440666199,
    "Reentrancy": 0.2670838236808777,
    "Timestamp": 0.3522137999534607,
    "TransactionOrderDependence": 0.26620903611183167,
    "UnusedReturn": 0.2669677436351776
  }
}